url,hashkey,folder_name
https://help.gohighlevel.com/support/solutions/folders/48000666030,2c6715f77ad38d1831196b55857e8a58d8839fb0f1c327ce0552aaf66593dc5e,Account Settings (7)
https://help.gohighlevel.com/support/solutions/folders/48000666021,72ddf31f916b52eb1c2931306b5925ec9bc4e721ccaa21275875c2df8d333641,Zapier Integration (6)
https://help.gohighlevel.com/support/solutions/folders/48000666319,df7af8d674fe41282f3369efca7b6368691c4fe200c1a2f66963e71b38ae4e2b,Facebook Integration (17)
https://help.gohighlevel.com/support/solutions/folders/155000000748,aa9b87b13e901e7ad8d3f4dc79abd9dcca0b5a08f9e751a1a980d4aeb83156df,Contact Workflow Actions (26)
https://help.gohighlevel.com/support/solutions/folders/155000000731,339e4b7d87db9c21b934bbdc9641bcfbb988164b288da3aeb83af09a664cb15f,Workflow Actions (20)
https://help.gohighlevel.com/support/solutions/folders/155000000938,92616a8d12b51cf7eddb7ef02697b76f6a7834a47f862f7b6022a57651b48e0a,Workflow AI (1)
https://help.gohighlevel.com/support/solutions/folders/155000000737,c1b9c90542103fe046933e43aa9d8e1ac3ef13159b7341ba02b5210520e95302,Events Workflow Triggers (4)
https://help.gohighlevel.com/support/solutions/folders/155000000749,25f238e5fa8eabfa80219bab35fb141d80cbe2b9ba342dbc47c93cbb007a4ddc,Communication Workflow Actions (15)
https://help.gohighlevel.com/support/solutions/folders/155000000160,49788e2ff9ef8e496f617d9a6cbaafe78e9455568e26ca19a3930939b98e2652,Prospecting & Sales (2)
https://help.gohighlevel.com/support/solutions/folders/48000690746,52ac8f393a537ded6ef6d9a90e30b75918add5290d5546f28875fae33dc3220a,Eliza Agent Platform Onboarding (6)
https://help.gohighlevel.com/support/solutions/folders/155000000702,a3d615c887afdffb75d52d0a93f1f471869993f679a3711780582a5d50a8f1e9,Calendar FAQ's (2)
https://help.gohighlevel.com/support/solutions/folders/155000000021,86e8c84af9fba48e2a04ef2613fd146f654708f20253719a1d201b5677324fd3,A2P registration (12)
https://help.gohighlevel.com/support/solutions/folders/155000000937,f9dd45511ae28f168a3bfecfc5a256dc393fd297b40f1b417259d33268edcb2d,Content AI (6)
https://help.gohighlevel.com/support/solutions/folders/155000000516,3a31d3428b649aa955fed93e8fd0212bdd96c9f90bab230ea70a59530a394e5b,Opportunities Module Interactions (2)
https://help.gohighlevel.com/support/solutions/folders/155000000933,f1f762b58b3550bdc92b563953dd87f904a113bb64999173470f85428d97e8d9,Modes (1)
https://help.gohighlevel.com/support/solutions/folders/48000665900,bacb58650e5498ef7be3000300d367d3a1afe2ecc9f9c87d426caa85edf7134e,Campaigns (18)
https://help.gohighlevel.com/support/solutions/folders/48000685924,f618d83bda78bc90f7be39ab251a2dd3c9386f73cbaeb27e7676b1dcbf65794a,AI Appointment Booking Bot (2)
https://help.gohighlevel.com/support/solutions/folders/155000000934,64ae2d20945584d208f75225fc06cadcafd8c0e86d9329b5f319d9b5303afabc,Prompting 101 (1)
https://help.gohighlevel.com/support/solutions/folders/155000000929,18a4eafbda6f1add7d9ecb54450538dab06f6a733005b3de4f4319d5dba3c9ba,Conversation AI (5)
https://help.gohighlevel.com/support/solutions/folders/155000000522,6722f38c2b2faacc684fe0ac5fbd12b36c8913152738a2f278bb7b752f2596db,General Setup (2)
https://help.gohighlevel.com/support/solutions/folders/48000666018,c5d3437f099ed2856ce4f1f3700385dc5f05085a95178be4794e85b952e6622f,Manual Actions (2)
https://help.gohighlevel.com/support/solutions/folders/155000000927,96dd85a821986d5298b28145028787ccaeaa61d175e943078df54bb1572b7199,Custom Reports (1)
https://help.gohighlevel.com/support/solutions/folders/48000686640,a5e7839975d492fae9281ee6f3e566b2c309973bc12d2fce16b55fbf09e83e5a,LC Email (15)
https://help.gohighlevel.com/support/solutions/folders/155000000735,c052f92a966d48d8200a1ce08ee563832e41fb31a21a6789b0cf8f5ecb480642,Getting Started w/ Workflows (9)
https://help.gohighlevel.com/support/solutions/folders/155000000593,85cb5d257fbb6c15bbe07d2b9288a888c84446899995c6a811534618fb9c95d3,Brand Board (5)
https://help.gohighlevel.com/support/solutions/folders/48000690075,e63066f4d410d6e194be1e986d8e248a53780ddd753de7376e83daabcfadd677,Messaging (21)
https://help.gohighlevel.com/support/solutions/folders/48000666014,3533d238f830d5d9aae972c3733fedbc23a265ee3119e4ad7b8415b3522bffd0,Trigger Links (1)
https://help.gohighlevel.com/support/solutions/folders/155000000858,4c98ece71a24a02fd3dc4b33599ddb2b94b69653bae987c59772b7f683bbfe8a,Getting Started (5)
https://help.gohighlevel.com/support/solutions/folders/155000000182,07ef0b63c05774ee36edd40998f3e084ed802c2dd6b02f46a31709fd206fa16b,E-Commerce Store (28)
https://help.gohighlevel.com/support/solutions/folders/155000000668,2c201b0ce8cbbe652892eeb6c6d4af73e3b78625160b7a41a1f2a197e4aa32d1,General Support Info (2)
https://help.gohighlevel.com/support/solutions/folders/155000000777,87e6498689a65f2b36b8ba4a48b8bd67ad7d44c55f71a8c5bdce609f85916d6d,Countdown Timer (8)
https://help.gohighlevel.com/support/solutions/folders/155000000686,89d95549d23a3c68b31f2a80353cf860c45761fb5e0cd5ede808449af09b7178,Calendar Types (4)
https://help.gohighlevel.com/support/solutions/folders/48000679140,28b66dc3ae45eba8c2bd064535e200afed801f2d635d979494e7c8d48fb0f74c,Dashboards (17)
https://help.gohighlevel.com/support/solutions/folders/155000000510,66a4c47e09d11e762da1076e979a106862cb531beb26425bb982a63a51cda848,Getting Started with Opportunities (8)
https://help.gohighlevel.com/support/solutions/folders/155000000941,9dc66e74a61417b6c569308d5124dcf555c0b059848f98c27e7e202d55c45de9,Get Started w/ AI Employee (1)
https://help.gohighlevel.com/support/solutions/folders/48000677469,6b83e9a93b59e4f949299275b1acdf3f12690b0156f01eeed32497cd49401fe5,UX Issues (3)
https://help.gohighlevel.com/support/solutions/folders/155000000902,5c23918448e868cd144a7cc775634ecdbe231053986f34ad7ffa526684874163,"Orders, Subscriptions, and Transactions (1)"
https://help.gohighlevel.com/support/solutions/folders/48000665898,720e1e833f2104c70fdb126b3fa6432820921bd76169c76d5078015ee6c5a348,Surveys (5)
https://help.gohighlevel.com/support/solutions/folders/48000686464,a3a1daa88c09b3d52c29c4c70d5e20a075a7c5d1969fb6e6e75021b94d180d68,Priority Support Upgrade (1)
https://help.gohighlevel.com/support/solutions/folders/48000682017,cd2da21b2d1eb92280cb15c2e26ee9bbf72a452c454507507fffbe2844f5f088,Wordpress (14)
https://help.gohighlevel.com/support/solutions/folders/48000682876,b681e8269002222c93606c48d46656e3fc91f46c6faba8e456832c28daa5b4aa,Online Listings (9)
https://help.gohighlevel.com/support/solutions/folders/48000666017,8089c774412f5a12d74c7b15c084ba23d21afe7ac0141c01ab06018f833c1aea,Smart Lists (21)
https://help.gohighlevel.com/support/solutions/folders/48000666017/page/2,80b47261cbdc8a062b95e1a1fc40cd6462fae466cbc00ee9cd4c8e88f7865e66,Smart Lists (21)
https://help.gohighlevel.com/support/solutions/folders/155000000081,e86d9afb72bd73a5fab687e96aa9499b3cf4bd1fb66fc17c703e54b97657efbe,Compliance (3)
https://help.gohighlevel.com/support/solutions/folders/48000676988,36fd25e7907241e2cf4282d0e1f6a6216225ed114af691891e2367f8b5f975e1,Appointments (1)
https://help.gohighlevel.com/support/solutions/folders/48000690777,41d4332e49207239aed9128283434f78c61ab4f595b9dc8354f7581a0bff7166,Affiliate Manager Automation (6)
https://help.gohighlevel.com/support/solutions/folders/48000685731,798f1838e6670b7f0eabe9408bf16c189e9bc6b930bb9f636b2e196c3ed4640d,Get Started (4)
https://help.gohighlevel.com/support/solutions/folders/155000000199,a58e66e487de0634cd8c6013f3ed496e527384328162dfae32b90c0197cc4a73,Smartlists (1)
https://help.gohighlevel.com/support/solutions/folders/48000666027,dd0ba956821da96ec33b8f89b54c9d6e846a334ea6170fd0c922bf18accff0df,Whitelabel Desktop App (1)
https://help.gohighlevel.com/support/solutions/folders/155000000763,4f0f32555960634c5e338c8ec8e63201af9261236843abb001b448fb1b117663,Contacts (1)
https://help.gohighlevel.com/support/solutions/folders/48000677303,348059d92f0efce1992e1ac3b165b23d6ec5bd23f7bd3988f29add23a46dfe90,Other Integrations (8)
https://help.gohighlevel.com/support/solutions/folders/48000687583,9355542b6bbe7abeb35202274089480c1f86f2464d5b2bc218cdaf4aa22d2666,Template Library (11)
https://help.gohighlevel.com/support/solutions/folders/48000666012,1561bff240ebb6b597b65192d105f43179330a2c66ced61bc4d9c4ea122b56db,Troubleshooting Funnels (9)
https://help.gohighlevel.com/support/solutions/folders/48000665892,3cc2d35104d6428d3084c8dd5546ff55e7efa07b0b79a9d68d0ee0fc771c09c9,MailGun (16)
https://help.gohighlevel.com/support/solutions/folders/155000000591,9f68ce861371d3e6c997b8d38544f7e2aa7efec056a7752c82c0ee08809ef376,Bulk Actions (3)
https://help.gohighlevel.com/support/solutions/folders/48000665893,41a3f6828e509b167c0d0fa6e45f57cf05c81f232b032b0991dae551595b3197,Deliverability (9)
https://help.gohighlevel.com/support/solutions/folders/155000000787,df763400109b8b489ac1e0766918f33f94930a4441f0cf7eac869cbc97a47536,QR Codes (2)
https://help.gohighlevel.com/support/solutions/folders/48000666396,5c6322ca515b89af190c4af092db73f98eb50f78ccaef7c71ca7ede5ffd782ac,Creating Calendars (23)
https://help.gohighlevel.com/support/solutions/folders/155000000232,564400488db846955e8baf3e085c07c2b9eec0e627c653d4bb83756e5dfa35f7,Content AI in Blogs (2)
https://help.gohighlevel.com/support/solutions/folders/155000000789,9f1141c9982ede561e8902ce3c5a1495880e7f033fc4e21c304c46fe8428fe43,LC Email Dedicated Domain and IP (6)
https://help.gohighlevel.com/support/solutions/folders/155000000150,0a9eea01fc296d1bb293f24292082fb2ce9b68a911cd070fb72207e9fa032b43,Onboarding Series (2)
https://help.gohighlevel.com/support/solutions/folders/48000666011,adfb169c02acad18e809c2a78ccb310ebdac4d9969990a4f2b2215af3f72371d,Funnels and Websites (77)
https://help.gohighlevel.com/support/solutions/folders/155000000854,0375d19e84d1a90626dc847ab3db2614831c0aff1b9b727d029e1e1788745e53,Agency Settings (1)
https://help.gohighlevel.com/support/solutions/folders/48000690217,23887706777d86e6d95fdad11e8d6785fdb169ddbc9c002fa46d267412d28227,Content AI in Social Planner (3)
https://help.gohighlevel.com/support/solutions/folders/155000000200,bc8b6ba2f0ef2fd810935d8f0eba1a9c2613717718fa57114ef83e026493983c,Questions (1)
https://help.gohighlevel.com/support/solutions/folders/155000000704,13cf6ff4958ab440fc7cc2d1cdd8ed9b347e53f28b0d40bdd822e1d41422f5ad,Customizing Calendars (3)
https://help.gohighlevel.com/support/solutions/folders/48000666033,a4b84e908d2e51e5c0af0eb67fbdbad68f106f759103cad5e41b17d686a84fa5,Sales Trainings and Case Studies (28)
https://help.gohighlevel.com/support/solutions/folders/48000665894,de8d8dc63f5709d6ce2ad0d0632855d34b0e1d129f37c71d97ed020feaedcaab,Troubleshooting Email (9)
https://help.gohighlevel.com/support/solutions/folders/48000668553,72452bbc3de09fe6275a2dedea464df7de639b13a74fe5d098b336c7256fc7f1,Developer Resources (12)
https://help.gohighlevel.com/support/solutions/folders/155000000680,53315b1844005a9564fbc32efca754053ff1794eeb7c8f46d760d49a86a84372,Calendar Rooms & Equipment (3)
https://help.gohighlevel.com/support/solutions/folders/155000000928,ef1610cf6c94a8afff65d3d9284b91d9e8b38769fb4b70b1af09803de5ba5916,Associations for Custom Objects (1)
https://help.gohighlevel.com/support/solutions/folders/155000000864,8c38cc8c5472d9051c73cdb08a313e64f6863224156e6c24739a9e4d4db22eb1,Payouts (6)
https://help.gohighlevel.com/support/solutions/folders/48000665901,b13fa3256e51abbc4feb6a7727cc20feeab5ba8119b92838e65d49470d254d61,General (7)
https://help.gohighlevel.com/support/solutions/folders/48000666020,b2ab5d9925304dd40c8f17fd41b8c84e9511d19325c3853a48e60b5c278264ae,Online Listings Integration (1)
https://help.gohighlevel.com/support/solutions/folders/155000000015,785c3b4c002ade5c4b6f5cbea9f38187cc3f984172061acae6d40733fed24574,Client Portal (10)
https://help.gohighlevel.com/support/solutions/folders/155000000736,a033c7e8eea20cab4985c2ae48427f12a2ce5741a63d59715f4b9e672ca083cf,Contact Workflow Triggers (13)
https://help.gohighlevel.com/support/solutions/folders/48000666159,a02621a6ae2762116c6c23a350d2b5cde67eb1993893d7ccb37547ebf18b2549,Opportunities & Pipeline (10)
https://help.gohighlevel.com/support/solutions/folders/48000666015,639c2c58b99175eb2b51c559f53ac85bf5043974c6ad1203a435675dcf4b04e0,SMS & Email Templates (3)
https://help.gohighlevel.com/support/solutions/folders/48000673695,b9d1eeabbe620133a35a2c07c146a9c0a2c80800a3f7d0e4c788711bc5be10c9,Logic & Fulfillment (40)
https://help.gohighlevel.com/support/solutions/folders/48000666565,e3820780ac54b5b0e38d6c3bc92d86c455a9dfaa33e1b40c5cb908110221ed5e,Compliance (1)
https://help.gohighlevel.com/support/solutions/folders/155000000738,85ba38fb81816f42b61205bd6f18100136b3a7f6d5deb3e892cb97ee33419bf8,Appointments Workflow Triggers (2)
https://help.gohighlevel.com/support/solutions/folders/155000000574,5a0eafcef00adfc67e917b391e91bfeffe2c92df72f7dd310e7f1b05b735a215,Calendar Integrations (12)
https://help.gohighlevel.com/support/solutions/folders/48000685391,2478606b714d92813d1e5442923b7d02051de2de9ee12b53176876a09c1d4bff,Developer Resources (3)
https://help.gohighlevel.com/support/solutions/folders/155000000895,d02967e546210104fb1d7a391c74b32cc30cf523f84414121675027ba1d6dadd,Getting Started with Custom Objects (3)
https://help.gohighlevel.com/support/solutions/folders/48000684282,92ca9cabe12ae61cbadf65f8f1d31932cc51f9cbe0e408b5d4702c7f0fd801f1,Social Planner (36)
https://help.gohighlevel.com/support/solutions/folders/155000000768,5d5c9b382eb61c3f9dae81003058b29f589442493ed4da7aa8fae275102e66e0,Calendars (1)
https://help.gohighlevel.com/support/solutions/folders/155000000869,d231f5eb56396a496c16be4f95a74d6a76b3c8ceb9334c3b758b37f95866de4d,Reporting and Insights (1)
https://help.gohighlevel.com/support/solutions/folders/48000676654,4e36107d906f19deaae9e6ab36a7a0dfe19a57550bfaf492c6aaebdc1cbea483,Saas Mode (33)
https://help.gohighlevel.com/support/solutions/folders/48000666024,a5c9e74a00f7bfaa591e03539202291ac1f586d49b330cb4f796811b158b6455,Affiliates Program (20)
https://help.gohighlevel.com/support/solutions/folders/48000683039,9a311860d293630150eb90bf79679be517460b2398e3d0a0e5b3a30e0392864d,Websites (1)
https://help.gohighlevel.com/support/solutions/folders/155000000741,ddd0907cdf3b838fd7b0e34bfa1effabf2ca8593c8ea787ba6a32ede5645c593,Courses Workflow Triggers (4)
https://help.gohighlevel.com/support/solutions/folders/48000666473,b3fb8e90335d1d12e4fe41526773c9724cdae446497a93bdce27eaf7368d5af1,User Settings (9)
https://help.gohighlevel.com/support/solutions/folders/48000666013,89f0f422381cd897430341987342e4a55e27cf347bb98b7e01b25f8b78312e9a,Bulk Requests (1)
https://help.gohighlevel.com/support/solutions/folders/48000666029,1892279135beddfddadfc009e66e3c85d6f630e77db1cd329e9ad86b57931fef,Agency Settings (12)
https://help.gohighlevel.com/support/solutions/folders/155000000878,90e68640611027e6b62e9623f8e340e7976096cdf9c2bd497d2b532e3ba15aeb,Unpublished Articles (2)
https://help.gohighlevel.com/support/solutions/folders/155000000776,0fa3151a184c3450bcdf6e690a7fae0f526affc8fb2c8ebd633a5ee60586c892,Bulk Actions for Opportunities (1)
https://help.gohighlevel.com/support/solutions/folders/48000678544,1a4c3084879116b3bc83d52b50d476974679576758e7f99b4b31732ad21b7cf5,Workflow Builder (66)
https://help.gohighlevel.com/support/solutions/folders/155000000085,d4af430dc2d93aa1e89fd9cabe87ddb27ab44306a577ee700731f550aab1a6c4,Custom Values (1)
https://help.gohighlevel.com/support/solutions/folders/155000000688,0be32063eb9775ac3156888cf1b84647fa8b9e12abf00ab8635a053df3763b90,Calendar Settings & Preferences (9)
https://help.gohighlevel.com/support/solutions/folders/48000666472,dc2c45b0c2c13a58ec5fbab89a46425a2163208b5b7f9a0c70270871b87da757,Notifications (3)
https://help.gohighlevel.com/support/solutions/folders/48000666025,69e94c4f0f4fa100a4a0001e92148a909151744c9442fb39e1265ea58bb05d2c,Review Requests (15)
https://help.gohighlevel.com/support/solutions/folders/155000000624,c825a50abfa80c1a2cd3cbae4177d27d96fc5f12de53ee00c82ccbdc065ee444,Client Portal Branded Mobile APP (1)
https://help.gohighlevel.com/support/solutions/folders/155000000080,533dc1861dfcfedd3b69ac4d23923f9b6a2b0099be26094afade004c35883bff,Workflow Triggers & Actions (2)
https://help.gohighlevel.com/support/solutions/folders/48000666028,20ecc8717227ffadbcb24a509a19b5eb45c44d47d62149159c578fddf8c04d6f,Whitelabel Mobile App (3)
https://help.gohighlevel.com/support/solutions/folders/155000000705,db4e11ea7de3d5ba766e42598d70d1bf1373a2c6dc03059915e6d38856325698,Calendar Availability Settings (1)
https://help.gohighlevel.com/support/solutions/folders/155000000764,345127c4488de7391ce74d86904319f1ee026b94103b54fa3ed36b5ef68d1841,Private Integrations (1)
https://help.gohighlevel.com/support/solutions/folders/48000683465,e668378864ae858e58dc7399808697e8e0a2acb88ca895033df0e0d76e7e35bf,WhatsApp (27)
https://help.gohighlevel.com/support/solutions/folders/155000000896,fe9a1bbdbdd1b90e565bc2b105822352ae6c03e405385374b92b65cab87fffcd,Managing Custom Object Records (3)
https://help.gohighlevel.com/support/solutions/folders/155000000930,9e3b619671fe875e2387b0232a904b0bbd95e84aadea0761144acb0e93ec0161,Voice AI (1)
https://help.gohighlevel.com/support/solutions/folders/155000000739,eeaefc08ebcbf519f4d96cc6d77f39bb23dd0e5fd6ce32862c5977659fa9df77,Opportunities Workflow Triggers (7)
https://help.gohighlevel.com/support/solutions/folders/48000682654,e0804acd2e49f611db03e0ddc43fc70d0d3d0c2fa372819a655ebee8a6ef4596,Payments (49)
https://help.gohighlevel.com/support/solutions/folders/155000000509,5d2238643078df9c8db61ded6835edbb1fc20ecf81f5bc4e155f9184356724b2,Opportunities and Pipelines (48000449589)
https://help.gohighlevel.com/support/solutions/folders/48000689533,4eba6d1c174b4733ce0bfec3ebdb01ae1978feace53dea35e14d6b52c605ce66,SMTP Providers (9)
https://help.gohighlevel.com/support/solutions/folders/155000000231,8a39180d1750f3f127b3725a0fa716f6f041a7fb84ef691406698484270e4180,Content AI in Funnels and Website (1)
https://help.gohighlevel.com/support/solutions/folders/155000000829,3d54f79ade648b2dcbda442eaacde13db1f5ba3c9e3f86a752f6d94e40178057,Domain Purchase (2)
https://help.gohighlevel.com/support/solutions/folders/48000671055,f177e18b887b0fc9bf980e0c6e39c05a17d83de4c87a439dfda809229071228a,Membership/Courses Sites (23)
https://help.gohighlevel.com/support/solutions/folders/48000687441,ecbcb72d5e2c22b3c6640a5bdfc3a1c345df2661a5d064af8d858b99a35474b8,TikTok (1)
https://help.gohighlevel.com/support/solutions/folders/48000666032,230fd54a9655146ac613c34e41b77a6a387bae5e321030ae37206a53253d02a7,Snapshots (11)
https://help.gohighlevel.com/support/solutions/folders/48000676548,c803d9daa706558442276b49ccf00f1ef0eed25652243f9345744e5fc0d5ed33,Email Builder (37)
https://help.gohighlevel.com/support/solutions/folders/48000686613,8aaad978cd9cf5b2d0c0e30b3b905558be0116c7305f94ad4e65906c1573262e,Blog (18)
https://help.gohighlevel.com/support/solutions/folders/48000676654/page/2,05fde85b5c5ea5b423a78938aedaba8963429b651c3b655e84a45cb43ca096b4,Saas Mode (33)
https://help.gohighlevel.com/support/solutions/folders/155000000024,bc12f3a3a6c256444b3a2e096f63e1a9ec044d1c024c0074567205f6d85da016,Communities (21)
https://help.gohighlevel.com/support/solutions/folders/155000000198,bcf2fbf756c27776e97e0683033848b403f008f0aff52a1a4e829585d7e8e84d,Contacts (7)
https://help.gohighlevel.com/support/solutions/folders/155000000083,1dda3a05150dc89161977e3faf912e83e4fca01ab9e3854c4b04f0e7f1abd274,Privacy Policy (1)
https://help.gohighlevel.com/support/solutions/folders/155000000161,af5437930f348a9bd788ad26b8e8bb4017030a26b684b982b41aa9f01a88a961,"View, Install & Uninstallation Apps (6)"
https://help.gohighlevel.com/support/solutions/folders/48000690261,52bfca9d6f6f2b3db301772e7d03e3382781de726d32e061e3ac49a507ae6572,Prospecting (16)
https://help.gohighlevel.com/support/solutions/folders/155000000192,5dfab0ea0c60941b7f0643bd98b571c214ac8e916ed15c8beccaee184e1a6739,Custom Widgets (15)
https://help.gohighlevel.com/support/solutions/folders/48000687582,2875ab0e917d0a067a424a0e522bf82924fae81cde151567f68cb2640c088877,Rolled Up Reporting (3)
https://help.gohighlevel.com/support/solutions/folders/155000000750,060ca0296b3e6077950baf24f7ef138f9927e19fcea3f68938ef91bb2f6d39ab,Send Data Workflow Actions (1)
https://help.gohighlevel.com/support/solutions/folders/48000665899,ac4adeead712a86950b64d84e33356f24d81ec7676307ba80779839ad7f8ac88,Forms (24)
https://help.gohighlevel.com/support/solutions/folders/48000690075/page/2,0bdd5362bc983fc2b791a2e0e3416832bae28ad73882486d6ac5fc2b8a3c5c94,Messaging (21)
https://help.gohighlevel.com/support/solutions/folders/155000000195,11b6be5cec77b19497a5c0b163c7b5aee27bfe78ac1d0a2640915bd030568cd9,Templates (3)
https://help.gohighlevel.com/support/solutions/folders/155000000813,6090c6a12f1871a52a9e16013bd7272a903de2cd87e737e183d732a5f9f2b360,Software Migration Guides (14)
https://help.gohighlevel.com/support/solutions/folders/155000000879,9627301a139c30555c8d141f46ae4eb997b84a6e6b093f3c75c3b5552b30bc22,Funnels (1)
https://help.gohighlevel.com/support/solutions/folders/155000000940,c76d9e25c2721d12d4b59df5b10846558540bd3bd53a0c326dd30d3cc7fef272,Funnel AI (1)
https://help.gohighlevel.com/support/solutions/folders/155000000860,f48565100ac8d1fe15edeac4e17329fa8a5c275d62aa89e1e5e5c142786b3bf3,Campaigns (6)
https://help.gohighlevel.com/support/solutions/folders/48000666022,578e969a2d44bbd90068c989eb21f8ff2b89446c79482cb425eaaa11a820b63b,Stripe Integration (2)
https://help.gohighlevel.com/support/solutions/folders/48000690786,18de75fa3f69525e52e09400d890ffbb0d0324b92332b802019db884f69b2209,Content AI in the Email Builder (1)
https://help.gohighlevel.com/support/solutions/folders/155000000691,95a75506d88db41a480773df9befe4b7a367fc9623453810806fa7edb3dd753f,Calendar Service Menus (1)
https://help.gohighlevel.com/support/solutions/folders/155000000689,9c232fc1fb5124388e0d092fb712987f4b3a76916e166a41ecad110ab66d9f34,Troubleshooting Calendars (11)
https://help.gohighlevel.com/support/solutions/folders/48000691614,3511ea52c1ac78d52d1b4c569bb9cb512dccfa257a488d75750030a43046877f,Phone numbers (15)
https://help.gohighlevel.com/support/solutions/folders/48000672158,aa94db8a4e6c5dc7bd7bd9e7b94f23f12914af277758d720b6bf8828ec5f6bbe,Voicemail (2)
https://help.gohighlevel.com/support/solutions/folders/155000000203,31ecda3bb2a317bc8901bdb6a05e9f8636d0034559d25be8ebc867407d604108,Documents and Contracts (16)
https://help.gohighlevel.com/support/solutions/folders/48000682872,b01793079c0a62d1340954e325f4deb7ad09fc78b3701cdf5990084d4b06f7d8,LC Phone System (12)
https://help.gohighlevel.com/support/solutions/folders/155000000149,a39b6a61035eec763d271611b9b0ce535a3655a6ebd6e58a610e688e6e552652,Industry Playbooks (13)
https://help.gohighlevel.com/support/solutions/folders/155000000911,ceda25d2853d986e0c2be236a387b1e94de71b57d62c34f4552b27dd9f723b7f,Updating Contact Properties (1)
https://help.gohighlevel.com/support/solutions/folders/155000000819,736ae7536dfaac14bb19cc5a62202a5f46d13a882734776641569b59f7feac0e,Snapshots in App Marketplace (2)
https://help.gohighlevel.com/support/solutions/folders/48000670531,c85b2948ade5a35c97e71d7219595087218bb474e93faf9166c2291b7638b6d5,Industry Snapshots (15)
https://help.gohighlevel.com/support/solutions/folders/155000000084,1a5744efc11b9918c5e3aca15f1999b3f3dbd2084393743b837d05918a2b1b69,Miscellaneous (1)
https://help.gohighlevel.com/support/solutions/folders/155000000936,e9cd6e6a01a273525023ddc3eaa92c939e586f61dc7b91a4ee4f8958cbdf73dd,Conversation AI [Legacy] (3)
https://help.gohighlevel.com/support/solutions/folders/155000000790,5b27cf31a7b9a8f63b471e39dd92f48788a900acf3629e56fd3395241fbc6979,LC Email Settings (1)
https://help.gohighlevel.com/support/solutions/folders/155000000932,02801bbe9e2dd1498da489eb6cf20ac72fa3b25531f60324285b1cc852465bb9,Training the Bot (4)
https://help.gohighlevel.com/support/solutions/folders/155000000515,f0a23b193a87725dc82a096b8b9176c165941552efbd4f8ecbef15a080433e23,Managing Opportunities (6)
https://help.gohighlevel.com/support/solutions/folders/48000667019,587a2ca06ffedbffd7b31314e73eeb7701f87dc8230e2922f1c79e0442dbe6d3,Chat Widget (11)
https://help.gohighlevel.com/support/solutions/folders/48000685347,72ee6672e4f5d6e24c2dd305ca7c89ba4c5a8483cb161af89d227123af64f2a5,Advanced Configurations (2)
https://help.gohighlevel.com/support/solutions/folders/155000000904,16be3ed72f71466f6c92e7d38b5750a5a360724271449308bbf9d9ba4c74f047,Products & Coupons (1)
https://help.gohighlevel.com/support/solutions/folders/48000687213,8b198b0d04caebcff4d5e5c4c8c8ddaf1fe3e6d10d626fc5037a84ee3bea9363,Google Business Profile (GBP) integration (2)
https://help.gohighlevel.com/support/solutions/folders/48000666397,0503f9bc4571c0a1f0adcd22e6605d0cfd548ef2bfb88856805e77710c49fa9d,Workflow Triggers (29)
https://help.gohighlevel.com/support/solutions/folders/155000000734,437016d4cde1234eb25cab64a7f7b63dde10f96b415de2abaad3ba25d1993f46,Troubleshooting Workflows (1)
https://help.gohighlevel.com/support/solutions/folders/155000000697,6093b7596876114f34a452e9beb47bb452b9a6353d1b64757ab198bce629c34d,Getting Started w/ Calendars (1)
https://help.gohighlevel.com/support/solutions/folders/155000000931,96278ce9c1d1884adb2fa906f7acfe8e53d45eff8406f2a1fb1d56273be4e875,General (12)
https://help.gohighlevel.com/support/solutions/folders/155000000910,d0538785c7a19bc0d544a2f6d40230f0f28f0b2b4190e977d7671a94be26c12b,Creating Tasks (1)
https://help.gohighlevel.com/support/solutions/folders/48000665895/page/2,6895a7914c627551a14046278b5d8d28af30250c03eb67047e2fb289771a5c7a,Calling (21)
https://help.gohighlevel.com/support/solutions/folders/48000674647,5681e6d9ae8dff6e1afa53ce11a07b4fa4326eb5304faba1a1b4f13ff9736a4c,HighLevel How-To's (20)
https://help.gohighlevel.com/support/solutions/folders/155000000678,017a5c659c85e8335a1855b0c300d6232a8cbb06851c5a5fc556adecd1048371,Scheduling Appointments (3)
https://help.gohighlevel.com/support/solutions/folders/48000672285,1c2ed721ae74c12ca3a6bdc8629618ef8180ffc12e67846ad0c7d89390560cac,Tracking & Attribution (20)
https://help.gohighlevel.com/support/solutions/folders/155000000752,13e1137bd418a6abc7c2af040c96ceb83827ca0b00fcd1e6e53b79763af8c0f5,Workflow AI Workflow Actions (1)
https://help.gohighlevel.com/support/solutions/folders/48000687904,e98b51ac0682fd7d04d041ad5edcbca40c9ff6527215c998e6db614c5e4e7a28,LC Communication Billing (1)
https://help.gohighlevel.com/support/solutions/folders/48000666026,46e23fd9fcdc44b5ec7fee4e037d5a7315f4d3f102c980076cba5b2a004c3dde,Weekly Q&A Recordings (13)
https://help.gohighlevel.com/support/solutions/folders/155000000196,2341c04b85d12dc8135bbb9e7ce5c44be44e8d6363e516f4790e3ba24c11f2d4,Issue Certificates (4)
https://help.gohighlevel.com/support/solutions/folders/155000000751,1840abea552259bd52a8d902c64aca53f83cb8efb17958d886ece2401098b3e5,Internal Tools Workflow Actions (8)
https://help.gohighlevel.com/support/solutions/folders/155000000861,d9f6c8fa250129d64981f6104f94508d852921195d75cb8dbe71d1dbdd9c7941,Affiliates (8)
https://help.gohighlevel.com/support/solutions/folders/48000666795,2815c56175ddc60377e176ae8329944cb3dbf06cd1127ff9d6cf00cf1bc76c6c,Listings (1)
https://help.gohighlevel.com/support/solutions/folders/48000665895,b23af39df7c8d1ccab7ae907d9a284269af5c45058fc128ae2a1ec118f7d0265,Calling (21)
https://help.gohighlevel.com/support/solutions/folders/155000000690,7b1b1b29467275647b36f3f6531fd92a74ebaaaa8d4a7bccaeb283d24c913151,Calendar Groups (5)
https://help.gohighlevel.com/support/solutions/folders/48000665896,3045faf4545c8f98c56d820a866c27a375bf55cc93fb41a00604ee4874bf94cc,General (4)
https://help.gohighlevel.com/support/solutions/folders/48000666160,ec4ebb688daac2a3122aa035e57f7943d04ac87ae81e49c416ce66ffaef3d9fa,Conversations (16)
https://help.gohighlevel.com/support/solutions/folders/155000000587,cee0cdc8f3c5ff01a20fc8c18c4b4a3c5fbf74d705a728e0738254a734888c5a,Ad Manager (20)
https://help.gohighlevel.com/support/solutions/folders/48000682893,18b349fed2c0ba9dedb1894a375badd5ac192131185e3b1ba58175675fce5257,Shopify (3)
