url,hashkey,folder,CategoryName
https://help.gohighlevel.com/support/solutions/48000449585,740ae8f37aad88da9022109e5c31aa9dd4b7144143f96d0998da4be44c832fcb,https://help.gohighlevel.com/support/solutions/folders/155000000702,Calendars & Appointments (3)
https://help.gohighlevel.com/support/solutions/48000456113,0b96c2ede3b7cae45c7573c0afe64ad53ee8cb06563a2443ce7174f16f4e41b5,https://help.gohighlevel.com/support/solutions/folders/48000690261,Prospecting (16)
https://help.gohighlevel.com/support/solutions/48000453974,370276a78a8dcf3f2409fdf4ae34f8959a0dda1aac6a35e34c391605262374b9,https://help.gohighlevel.com/support/solutions/folders/155000000203,Documents and Contracts (16)
https://help.gohighlevel.com/support/solutions/48000455132,eb54fe15a056dedb6be031d9f71285df0d52db4bf086e7603b6ed26c68794ea1,https://help.gohighlevel.com/support/solutions/folders/155000000734,Getting Started w/ Workflows (9)
https://help.gohighlevel.com/support/solutions/48000456231,f281517593f3e9edf6503185c04c2f7d32e76247150316289df76e985985bce6,https://help.gohighlevel.com/support/solutions/folders/48000690746,Eliza Agent Platform Onboarding (6)
https://help.gohighlevel.com/support/solutions/48000452118,be12af5c7c17e0406d34d0dbfa9ce61009c389c100244d555b657922b6a2ece5,https://help.gohighlevel.com/support/solutions/folders/48000673695,Logic & Fulfillment (40)
https://help.gohighlevel.com/support/solutions/48000449595,d7ac78f89d22c78b76c8ca5e80a1b7ccf4efe1944e125d304e8e224690ef439a,https://help.gohighlevel.com/support/solutions/folders/48000666473,Agency Settings (12)
https://help.gohighlevel.com/support/solutions/48000454568,1dd34f182b602a76a09d9985a70da283ee1e31bef8f10ca27607df6d4ff682d4,https://help.gohighlevel.com/support/solutions/folders/155000000624,Reselling Products
https://help.gohighlevel.com/support/solutions/48000449593,c3e59751307d8dda14839722508d2ab91fb199dd82da6e06d14d5ff444814f5e,https://help.gohighlevel.com/support/solutions/folders/48000670531,Account Snapshots (11)
https://help.gohighlevel.com/support/solutions/48000449589,b7fd5269aaf0664733c060fb1540632ba7de596d2d622448b5375d976aec4ec8,https://help.gohighlevel.com/support/solutions/folders/155000000776,Opportunities & Pipeline (10)
https://help.gohighlevel.com/support/solutions/48000415161,4c5c425fb752cff5b70a0e376761e0a6c1b4fbcbe2b2c98ca3831330a9eb454a,https://help.gohighlevel.com/support/solutions/folders/155000000878,Phone System (3)
https://help.gohighlevel.com/support/solutions/48000449581,81b82703d2eb0265d076321e3264e6abc10916623a486ad95248850f7bba9679,https://help.gohighlevel.com/support/solutions/folders/155000000522,Sites (1)
https://help.gohighlevel.com/support/solutions/48000449600,61af73afeaba0479b632948d45e95ce6c78fc6fe9c38848639b39a033ccafe72,https://help.gohighlevel.com/support/solutions/folders/48000666472,Notifications (3)
https://help.gohighlevel.com/support/solutions/48000449584,68480e9ab656b72dcf222c2e5e885f80742ff8bbb413f8525bc3798d287f7788,https://help.gohighlevel.com/support/solutions/folders/155000000764,Integrations (9)
https://help.gohighlevel.com/support/solutions/48000452144,1559f8fa75bdd6be2b1098ceb764a72fbaa47540e4e4db3a67e5a4e090081022,https://help.gohighlevel.com/support/solutions/folders/48000666033,Marketplace & Sales Trainings (28)
https://help.gohighlevel.com/support/solutions/48000449592,5bde810e1c6b6f4d6d829dd279251758ea66315cca6d1f0a3cd873c97e0e8c87,https://help.gohighlevel.com/support/solutions/folders/48000666026,Weekly Q&A Recordings (13)
https://help.gohighlevel.com/support/solutions/48000451278,6fc58c47b86030a5514ae87b5985ccfb571e537a6cd35c43fe4b8dadf4aace7f,https://help.gohighlevel.com/support/solutions/folders/155000000927,Tracking & Attribution (20)
https://help.gohighlevel.com/support/solutions/48000449563,dc7c03ff0e947dfdb7ae6ba9a776b2ffcb76718f970fc329637cf63d925b92e4,https://help.gohighlevel.com/support/solutions/folders/48000687904,Email (7)
https://help.gohighlevel.com/support/solutions/48000455606,aa64454382bf667c283c7f504fcb989c775bc912744fc51ce661fceb85f80531,https://help.gohighlevel.com/support/solutions/folders/48000687582,Agency Reporting (3)
https://help.gohighlevel.com/support/solutions/48000449591,aa52233eb9bc3462489a44c8cb488642dae333bb0a624cd4e553783f55af3de6,https://help.gohighlevel.com/support/solutions/folders/48000666024,HighLevel Affiliates Program (20)
https://help.gohighlevel.com/support/solutions/48000455362,65e4f89f2a1aa92a7a63355edd1a195b7f215a4f112f5bf18e8ec98351247432,https://help.gohighlevel.com/support/solutions/folders/48000686464,Priority Support Upgrade (1)
https://help.gohighlevel.com/support/solutions/48000452413,106f63e2e5f036f9e6414bd1ffd78af9e8a4f1673880a5a18e22d0b0b7f2fcaf,https://help.gohighlevel.com/support/solutions/folders/155000000160,HighLevel How-To's (20)
https://help.gohighlevel.com/support/solutions/48000449565,399957d33ef396d66c9afdc57b8ecfdfcf9aa39a36148ae57159bb252e43d852,https://help.gohighlevel.com/support/solutions/folders/155000000777,Social Planner (36)
https://help.gohighlevel.com/support/solutions/48000449586,992d3111ed8dfe4adda9b27018a9f13160d22606fdcb7c238a6d86d5dc21de2e,https://help.gohighlevel.com/support/solutions/folders/155000000192,Dashboards (17)
https://help.gohighlevel.com/support/solutions/48000455557,5dc8cf6dd38efd05ab4a850569bb840aed6881a5b039ef6f7548d910c6d3b5e9,https://help.gohighlevel.com/support/solutions/folders/155000000869,Affiliate Manager (3)
https://help.gohighlevel.com/support/solutions/48000449587,5dcfcee892be336adc2d5244c43a346864dbb2ee0138e1fb516463b473059716,https://help.gohighlevel.com/support/solutions/folders/48000666160,Conversations (16)
https://help.gohighlevel.com/support/solutions/48000450445,a270e866440149547ff94d6625e1fc4c5244da157a3f0c805735fdbb09311e7d,https://help.gohighlevel.com/support/solutions/folders/48000685347,Developer Resources (12)
https://help.gohighlevel.com/support/solutions/48000455168,3f607dc92e9b79442a50a382358468302f1df917d07815f858acdb088779598b,https://help.gohighlevel.com/support/solutions/folders/155000000768,Mobile App Help Articles
https://help.gohighlevel.com/support/solutions/48000449583,52890dcbc55ae069aa60a9c243e79378778d0012776da6a58f1b1feb01ba01a0,https://help.gohighlevel.com/support/solutions/folders/48000666025,Reputation Management & Reviews (15)
https://help.gohighlevel.com/support/solutions/48000453216,067c68ee74bf5b204c764fe7b11314ea2d7eb106ee7ab0b418917d4778a53393,https://help.gohighlevel.com/support/solutions/folders/48000676654/page/2,Saas Mode (33)
https://help.gohighlevel.com/support/solutions/48000453288,ae2e5e7b2921b9d1707b57f83dff3072377945a63e472cb26a73e3393b0466c6,https://help.gohighlevel.com/support/solutions/folders/155000000084,Miscellaneous
